{"NA": 0, "citizen_of-x": 1, "head_of": 2, "member_of": 3, "based_in0": 4, "based_in0-x": 5, "agent_of": 6, "agent_of-x": 7, "head_of_gov": 8, "head_of_gov-x": 9, "gpe0": 10, "head_of_state": 11, "head_of_state-x": 12, "minister_of": 13, "minister_of-x": 14, "in0": 15, "in0-x": 16, "agency_of": 17, "agency_of-x": 18, "mayor_of": 19, "institution_of": 20, "part_of": 21, "advisor_of": 22, "created_by": 23, "based_in2": 24, "event_in2": 25, "signed_by": 26, "ministry_of": 27, "event_in0": 28, "appears_in": 29, "vs": 30, "won_vs": 31, "award_received": 32, "player_of": 33, "coach_of": 34, "is_meeting": 35, "in1": 36, "in2": 37, "parent_of": 38, "child_of": 39, "gpe2": 40, "based_in1": 41, "product_of": 42, "spokesperson_of": 43, "spouse_of": 44, "sanctions": 45, "sibling": 46, "gpe1": 47, "based_in2-x": 48, "character_in": 49, "directed_by": 50, "plays_in": 51, "law_of": 52, "royalty_of": 53, "artifact_of": 54, "brand_of": 55, "event_in0-x": 56, "played_by": 57, "event_in": 58, "founder_of": 59, "artifact_of-x": 60, "present_in0": 61, "based_in1-x": 62, "publisher": 63, "event_in1": 64, "citizen_of": 65}